{
  "train": [
    2.5760244517785056,
    2.0329512141694956,
    1.9144204137575973,
    1.845839646038593,
    1.795152665784695,
    1.7589696141697417,
    1.7313644219298223,
    1.7102599517344361,
    1.6942756925386604,
    1.6819590236783295,
    1.6733539725843425,
    1.6657448948363063,
    1.6594953686332277,
    1.652973380664851,
    1.648627873235101,
    1.643780577369451,
    1.6389696974082282,
    1.6361195057030493,
    1.6313153425319082,
    1.6287783864360528,
    1.6267583738237419,
    1.6239420020873647,
    1.621540857641489,
    1.6194658388760799,
    1.6166999678750433,
    1.6155490552552327,
    1.6142909404148724,
    1.6114031553801806,
    1.6086995588319681,
    1.607770830192822
  ],
  "val": [
    2.0606990313529967,
    1.8912612175941468,
    1.8032656526565551,
    1.7549258136749268,
    1.7124116826057434,
    1.6901959562301636,
    1.6644255638122558,
    1.65134770154953,
    1.641281304359436,
    1.6292968463897706,
    1.6269692420959472,
    1.6196203064918517,
    1.6170797657966614,
    1.6132489156723022,
    1.6103927421569824,
    1.6074989414215088,
    1.6058811163902282,
    1.6050022721290589,
    1.600633406639099,
    1.600470440387726,
    1.5939108753204345,
    1.5981613135337829,
    1.5928761625289918,
    1.5942437505722047,
    1.5900160574913025,
    1.5911830639839173,
    1.589121811389923,
    1.5899062991142272,
    1.5858407378196717,
    1.5882421660423278
  ]
}