{
  "train": [
    1.761349812480349,
    1.5226421797801257,
    1.4945676046560148,
    1.4805952481916607,
    1.4706827278500945,
    1.4635806861736493,
    1.4584681923540044,
    1.4551001494774802,
    1.4518718440143372,
    1.4495545232679619,
    1.4469783372049252,
    1.4449241338100138,
    1.4432151594662126,
    1.441753377505224,
    1.4402459202562954,
    1.43933395020868,
    1.4383823664736832,
    1.437329547084131,
    1.4365491730948028,
    1.435964415553642,
    1.4353312593819274,
    1.4346159375466947,
    1.433964527349506,
    1.4331807806040022,
    1.4332673164033491,
    1.432515923542118,
    1.4320478530265435,
    1.431986370331056,
    1.4315643338963868,
    1.4310930901403507
  ],
  "val": [
    1.5042614847485463,
    1.4663767538948793,
    1.4518396290262454,
    1.446554064240139,
    1.4384942266619436,
    1.4327655208697923,
    1.4290893932991926,
    1.429437968154025,
    1.4244289719828702,
    1.422768355181692,
    1.4219460191256994,
    1.4199517807051762,
    1.4201562238709575,
    1.4191903103087138,
    1.4176138345894007,
    1.4185074641821982,
    1.417455213738713,
    1.4131913001328005,
    1.4137854489320352,
    1.413097480635061,
    1.4146729013393982,
    1.4141611371356875,
    1.41184136469308,
    1.4118666592706195,
    1.4116904569642192,
    1.4112589359283447,
    1.4114107988631188,
    1.412540926923078,
    1.411193291686587,
    1.410432060474502
  ]
}