{
  "train": [
    3.443008115556505,
    2.672509808010525,
    2.372954405678643,
    2.2359130885865954,
    2.1515599065356783,
    2.092540232340495,
    2.0514982170528837,
    2.018515287505256,
    1.9883285032378302,
    1.962387900882297,
    1.9441456913948059,
    1.9197066307067872,
    1.9058870898352729,
    1.8849661045604282,
    1.8699841419855754,
    1.8508558498488532,
    1.8386708537737528,
    1.8294214420848423,
    1.817566712697347,
    1.8051563726531135,
    1.7975608401828342,
    1.7899059997664557,
    1.7803536666764153,
    1.772106615702311,
    1.7638290060891046,
    1.7551626748508877,
    1.7491173055436877,
    1.7404599865277608,
    1.7361804127693177,
    1.732721659872267,
    1.7226000534163581,
    1.7197217795583937,
    1.7133287363582188,
    1.7095637016826206,
    1.703090070353614,
    1.6976310465070936,
    1.6962801509433323,
    1.6920900000466241,
    1.6864204168319703,
    1.6845957597096761,
    1.6779354453086852,
    1.674760561519199,
    1.6719287620650398,
    1.6685827983750237,
    1.6656142128838434,
    1.6637486219406128,
    1.6600663701693217,
    1.6604249993960063,
    1.6511286271942986,
    1.6522819068696764,
    1.6485693044132657,
    1.644147589471605,
    1.6451742423905267,
    1.6399308774206374,
    1.6423754413922629,
    1.636734668413798,
    1.635177607006497,
    1.634002305401696,
    1.6302467187245686,
    1.6284480465783013,
    1.6263842993312412,
    1.6234424802992078,
    1.625780337386661,
    1.6221569352679783,
    1.6195861922370063,
    1.6167840401331584,
    1.6157107379701403,
    1.614779500166575,
    1.6111794471740724,
    1.6088611046473185,
    1.6098550399144491,
    1.6056262943479749,
    1.6059554497400919,
    1.6042765882280139,
    1.6012389063835144,
    1.603104903962877,
    1.5991011050012376,
    1.597628160317739,
    1.5985156761275396,
    1.59658180475235,
    1.5964730474683972,
    1.593271213107639,
    1.5927879254023234,
    1.5932113952106899,
    1.5896318382687038,
    1.5850687424341838,
    1.5851155559221903,
    1.5849432905515035,
    1.584133381313748,
    1.5867182268036737,
    1.5796045197380915,
    1.5792005750868054,
    1.5777491874165006,
    1.578378681341807,
    1.578937554359436,
    1.5743636661105687,
    1.5761362897025215,
    1.5731121328141955,
    1.5737187412050035,
    1.5741204659144084
  ],
  "val": [
    2.905851054191589,
    2.470351481437683,
    2.268243169784546,
    2.167360472679138,
    2.0924925804138184,
    2.0489773035049437,
    2.0149678587913513,
    1.9872528195381165,
    1.976654016971588,
    1.930670154094696,
    1.9194080591201783,
    1.9008104920387268,
    1.8758902549743652,
    1.863401210308075,
    1.8494814395904542,
    1.8439884781837463,
    1.8255245566368103,
    1.82969331741333,
    1.8117733955383302,
    1.7979082703590392,
    1.7937787532806397,
    1.7933109879493714,
    1.784568190574646,
    1.7810738801956176,
    1.7692139863967895,
    1.7625848650932312,
    1.7626526594161986,
    1.7507174372673036,
    1.7494504690170287,
    1.7387255668640136,
    1.7373072385787964,
    1.7365328431129456,
    1.725024688243866,
    1.727542245388031,
    1.720704686641693,
    1.721988594532013,
    1.7139572381973267,
    1.7217290997505188,
    1.7133138537406922,
    1.7094614386558533,
    1.7036903619766235,
    1.6999552369117736,
    1.7047225475311278,
    1.6997756361961365,
    1.7020145177841186,
    1.706316840648651,
    1.7083089709281922,
    1.7101590633392334,
    1.6946120738983155,
    1.7032235622406007,
    1.6883021354675294,
    1.6893480896949769,
    1.6946383237838745,
    1.6893521308898927,
    1.6927703380584718,
    1.6840152859687805,
    1.6877840280532836,
    1.6906180262565613,
    1.7009840607643127,
    1.689267098903656,
    1.691913938522339,
    1.6856318473815919,
    1.6849534869194032,
    1.6864803552627563,
    1.682390022277832,
    1.6852572560310364,
    1.6873223066329956,
    1.6823641538619996,
    1.6839507699012757,
    1.6810281872749329,
    1.6820606231689452,
    1.6824026346206664,
    1.6809066891670228,
    1.6830854058265685,
    1.6822112202644348,
    1.680103325843811,
    1.6878768682479859,
    1.6882776021957397,
    1.680242657661438,
    1.6802812099456788,
    1.679151976108551,
    1.6850062012672424,
    1.681557261943817,
    1.6822209239006043,
    1.6772499203681945,
    1.6800018191337585,
    1.6820735931396484,
    1.6816548585891724,
    1.6837897658348084,
    1.6904121041297913,
    1.6852155447006225,
    1.682642149925232,
    1.6839941263198852,
    1.6814481973648072,
    1.6865981817245483,
    1.6823129773139953,
    1.686959969997406,
    1.6859975814819337,
    1.682556927204132,
    1.6844178795814515
  ]
}