{
  "train_loss": [
    2.3062670503584846,
    1.693589766070528,
    1.6007201576007988,
    1.5630488418183237,
    1.538775162876777,
    1.5246380258281276,
    1.52164788684755,
    1.500509574165884,
    1.4936170892895393,
    1.4883686166326955,
    1.486647387158196,
    1.6799897107313264,
    1.5287841088929266,
    1.5010728563340205,
    1.4868069518849534,
    1.4808864343278814,
    1.4751559498737443,
    1.4947188541574299,
    1.465470237270841,
    1.461490103377486,
    1.4598858258071936,
    1.4604538729730643,
    1.4555473836525432,
    1.4593013502516836,
    1.4532171726789114,
    1.4510292225288894,
    1.4859679793974139,
    1.4469467376200658,
    1.444207360159676,
    1.4451602475260787
  ],
  "val_loss": [
    1.6668050934871037,
    1.5556090970834096,
    1.52435286094745,
    1.4996928845842679,
    1.4834304451942444,
    1.4717703213294346,
    1.459843469162782,
    1.4602292974789937,
    1.454175315797329,
    1.4423543587327003,
    1.4474667310714722,
    1.493846334517002,
    1.454800580938657,
    1.4490585600336392,
    1.4432184522350628,
    1.4374342982967694,
    1.4361018190781276,
    1.4355013916889827,
    1.4313929627339046,
    1.4330350533127785,
    1.4314604873458545,
    1.4269439528385799,
    1.4310121908783913,
    1.427131046851476,
    1.4246095170577366,
    1.4289998958508174,
    1.4232864106694858,
    1.422987314562003,
    1.4251276950041454,
    1.4213793302575748
  ]
}