{
  "train": [
    1.6415994602392059,
    1.4954445537139747,
    1.48020895948285,
    1.4626804459791218,
    1.4553297958158053,
    1.4454308171664432,
    1.4383538234787987,
    1.4336517561036157,
    1.42934222264,
    1.4268036222855724,
    1.4240058834987546,
    1.4228241937521389,
    1.4212445421923614,
    1.420853932821708,
    1.4189282112667188,
    1.4175078970598805,
    1.4172424274633268,
    1.4163420009954042,
    1.4152652901602871,
    1.4151490168008816,
    1.4140320716796528,
    1.4138424529222253,
    1.4131227291241306,
    1.4126144736259287,
    1.4119693884832498,
    1.4115199187941432,
    1.4111614216496464,
    1.4108602025653807,
    1.4103010510375305,
    1.4101962837189685
  ],
  "val": [
    1.4715299042185062,
    1.4593412350280892,
    1.4441732719572504,
    1.4348764108130967,
    1.4337291709871312,
    1.4190130210790695,
    1.4317090187134018,
    1.4147946857538163,
    1.4093183174378356,
    1.4111991661263736,
    1.406993908596243,
    1.4072678826861005,
    1.4069182957010045,
    1.4045758599642768,
    1.4037265466163193,
    1.4037124610304577,
    1.40396326563343,
    1.4012509839693024,
    1.4029878015436503,
    1.4019882975094324,
    1.402217446098491,
    1.4038146794225215,
    1.3989565260149937,
    1.3978139450514342,
    1.4014045354896234,
    1.399538306658988,
    1.3971634725431814,
    1.400583475253822,
    1.3980708574074494,
    1.398686137393404
  ]
}